run_id,experiment_tag,timestamp_s,state,raw_tracks_count,target_map_tracks_count,raw_has_track,target_map_has_track,target_map_predicted_count,target_map_has_predicted,active_raw_track_id,active_target_map_track_id,raw_dropout,target_map_bridge_active,raw_dropout_duration_s,target_map_bridge_duration_s,longest_raw_dropout_s,longest_target_map_bridge_s
tracking_cdrone3_20260822_202711_289_milestone4,milestone4,1787455631.375484228,SYNC_PRE_TAKEOFF_PROFILE,2,2,1,1,2,1,1,1,0,0,0.000000,0.000000,0.000000,0.000000
tracking_cdrone3_20260822_202711_289_milestone4,milestone4,1787455631.473312616,SYNC_PRE_TAKEOFF_PROFILE,2,2,1,1,0,0,1,1,0,0,0.000000,0.000000,0.000000,0.000000
tracking_cdrone3_20260822_202711_289_milestone4,milestone4,1787455631.573291779,SYNC_PRE_TAKEOFF_PROFILE,2,2,1,1,0,0,1,1,0,0,0.000000,0.000000,0.000000,0.000000
tracking_cdrone3_20260822_202711_289_milestone4,milestone4,1787455631.673362494,SYNC_PRE_TAKEOFF_PROFILE,2,2,1,1,0,0,1,1,0,0,0.000000,0.000000,0.000000,0.000000
tracking_cdrone3_20260822_202711_289_milestone4,milestone4,1787455631.773297310,SYNC_PRE_TAKEOFF_PROFILE,2,2,1,1,0,0,1,1,0,0,0.000000,0.000000,0.000000,0.000000
tracking_cdrone3_20260822_202711_289_milestone4,milestone4,1787455631.873263836,SYNC_PRE_TAKEOFF_PROFILE,2,2,1,1,0,0,1,1,0,0,0.000000,0.000000,0.000000,0.000000
tracking_cdrone3_20260822_202711_289_milestone4,milestone4,1787455631.975648403,SET_TAKEOFF_MODE,2,2,1,1,0,0,1,1,0,0,0.000000,0.000000,0.000000,0.000000
tracking_cdrone3_20260822_202711_289_milestone4,milestone4,1787455632.073445320,SET_TAKEOFF_MODE,2,2,1,1,0,0,1,1,0,0,0.000000,0.000000,0.000000,0.000000
tracking_cdrone3_20260822_202711_289_milestone4,milestone4,1787455632.173290491,SET_TAKEOFF_MODE,2,2,1,1,0,0,1,1,0,0,0.000000,0.000000,0.000000,0.000000
tracking_cdrone3_20260822_202711_289_milestone4,milestone4,1787455632.275907516,SET_TAKEOFF_MODE,2,2,1,1,0,0,1,1,0,0,0.000000,0.000000,0.000000,0.000000
tracking_cdrone3_20260822_202711_289_milestone4,milestone4,1787455632.373369694,SET_TAKEOFF_MODE,2,2,1,1,0,0,1,1,0,0,0.000000,0.000000,0.000000,0.000000
tracking_cdrone3_20260822_202711_289_milestone4,milestone4,1787455632.473470449,SET_TAKEOFF_MODE,2,2,1,1,0,0,1,1,0,0,0.000000,0.000000,0.000000,0.000000
tracking_cdrone3_20260822_202711_289_milestone4,milestone4,1787455632.573330164,SET_TAKEOFF_MODE,2,2,1,1,0,0,1,1,0,0,0.000000,0.000000,0.000000,0.000000
tracking_cdrone3_20260822_202711_289_milestone4,milestone4,1787455632.673336029,ARMING,2,2,1,1,0,0,1,1,0,0,0.000000,0.000000,0.000000,0.000000
tracking_cdrone3_20260822_202711_289_milestone4,milestone4,1787455632.773316383,ARMING,2,2,1,1,0,0,1,1,0,0,0.000000,0.000000,0.000000,0.000000
tracking_cdrone3_20260822_202711_289_milestone4,milestone4,1787455632.873222113,ARMING,2,2,1,1,0,0,1,1,0,0,0.000000,0.000000,0.000000,0.000000
tracking_cdrone3_20260822_202711_289_milestone4,milestone4,1787455632.973359585,ARMING,2,2,1,1,0,0,1,1,0,0,0.000000,0.000000,0.000000,0.000000
tracking_cdrone3_20260822_202711_289_milestone4,milestone4,1787455633.074534893,ARMING,2,2,1,1,0,0,1,1,0,0,0.000000,0.000000,0.000000,0.000000
tracking_cdrone3_20260822_202711_289_milestone4,milestone4,1787455633.173295021,ARMING,2,2,1,1,0,0,1,1,0,0,0.000000,0.000000,0.000000,0.000000
tracking_cdrone3_20260822_202711_289_milestone4,milestone4,1787455633.273688316,ARMING,2,2,1,1,0,0,1,1,0,0,0.000000,0.000000,0.000000,0.000000
tracking_cdrone3_20260822_202711_289_milestone4,milestone4,1787455633.373674870,ARMING,2,2,1,1,0,0,1,1,0,0,0.000000,0.000000,0.000000,0.000000
tracking_cdrone3_20260822_202711_289_milestone4,milestone4,1787455633.473230839,ARMING,2,2,1,1,0,0,1,1,0,0,0.000000,0.000000,0.000000,0.000000
tracking_cdrone3_20260822_202711_289_milestone4,milestone4,1787455633.573335409,ARMING,2,2,1,1,0,0,1,1,0,0,0.000000,0.000000,0.000000,0.000000
tracking_cdrone3_20260822_202711_289_milestone4,milestone4,1787455633.673403740,ARMING,2,2,1,1,0,0,1,1,0,0,0.000000,0.000000,0.000000,0.000000
tracking_cdrone3_20260822_202711_289_milestone4,milestone4,1787455633.773368835,ARMING,2,2,1,1,0,0,1,1,0,0,0.000000,0.000000,0.000000,0.000000
tracking_cdrone3_20260822_202711_289_milestone4,milestone4,1787455633.873428106,ARMING,2,2,1,1,0,0,1,1,0,0,0.000000,0.000000,0.000000,0.000000
tracking_cdrone3_20260822_202711_289_milestone4,milestone4,1787455633.973241091,ARMING,2,2,1,1,0,0,1,1,0,0,0.000000,0.000000,0.000000,0.000000
tracking_cdrone3_20260822_202711_289_milestone4,milestone4,1787455634.073282957,ARMING,2,2,1,1,0,0,1,1,0,0,0.000000,0.000000,0.000000,0.000000
tracking_cdrone3_20260822_202711_289_milestone4,milestone4,1787455634.173411369,ARMING,2,2,1,1,0,0,1,1,0,0,0.000000,0.000000,0.000000,0.000000
tracking_cdrone3_20260822_202711_289_milestone4,milestone4,1787455634.273331642,ARMING,2,2,1,1,0,0,1,1,0,0,0.000000,0.000000,0.000000,0.000000
tracking_cdrone3_20260822_202711_289_milestone4,milestone4,1787455634.373474360,ARMING,2,2,1,1,0,0,1,1,0,0,0.000000,0.000000,0.000000,0.000000
tracking_cdrone3_20260822_202711_289_milestone4,milestone4,1787455634.473659039,ARMING,2,2,1,1,0,0,1,1,0,0,0.000000,0.000000,0.000000,0.000000
tracking_cdrone3_20260822_202711_289_milestone4,milestone4,1787455634.573199034,ARMING,2,2,1,1,0,0,1,1,0,0,0.000000,0.000000,0.000000,0.000000
tracking_cdrone3_20260822_202711_289_milestone4,milestone4,1787455634.673461199,TAKEOFF,2,2,1,1,0,0,1,1,0,0,0.000000,0.000000,0.000000,0.000000
tracking_cdrone3_20260822_202711_289_milestone4,milestone4,1787455634.773532629,TAKEOFF,2,2,1,1,0,0,1,1,0,0,0.000000,0.000000,0.000000,0.000000
tracking_cdrone3_20260822_202711_289_milestone4,milestone4,1787455634.875066042,TAKEOFF,2,2,1,1,0,0,1,1,0,0,0.000000,0.000000,0.000000,0.000000
tracking_cdrone3_20260822_202711_289_milestone4,milestone4,1787455634.973306179,TAKEOFF,2,2,1,1,0,0,1,1,0,0,0.000000,0.000000,0.000000,0.000000
tracking_cdrone3_20260822_202711_289_milestone4,milestone4,1787455635.073448896,TAKEOFF,2,2,1,1,0,0,1,1,0,0,0.000000,0.000000,0.000000,0.000000
tracking_cdrone3_20260822_202711_289_milestone4,milestone4,1787455635.174041271,TAKEOFF,2,2,1,1,0,0,1,1,0,0,0.000000,0.000000,0.000000,0.000000
tracking_cdrone3_20260822_202711_289_milestone4,milestone4,1787455635.273469687,TAKEOFF,2,2,1,1,0,0,1,1,0,0,0.000000,0.000000,0.000000,0.000000
tracking_cdrone3_20260822_202711_289_milestone4,milestone4,1787455635.374214411,TAKEOFF,2,2,1,1,0,0,1,1,0,0,0.000000,0.000000,0.000000,0.000000
tracking_cdrone3_20260822_202711_289_milestone4,milestone4,1787455635.473309755,TAKEOFF,2,2,1,1,0,0,1,1,0,0,0.000000,0.000000,0.000000,0.000000
tracking_cdrone3_20260822_202711_289_milestone4,milestone4,1787455635.573852777,TAKEOFF,2,2,1,1,0,0,1,1,0,0,0.000000,0.000000,0.000000,0.000000
tracking_cdrone3_20260822_202711_289_milestone4,milestone4,1787455635.673621178,TAKEOFF,2,2,1,1,0,0,1,1,0,0,0.000000,0.000000,0.000000,0.000000
tracking_cdrone3_20260822_202711_289_milestone4,milestone4,1787455635.773488522,TAKEOFF,2,2,1,1,0,0,1,1,0,0,0.000000,0.000000,0.000000,0.000000
tracking_cdrone3_20260822_202711_289_milestone4,milestone4,1787455635.873314619,TAKEOFF,2,2,1,1,0,0,1,1,0,0,0.000000,0.000000,0.000000,0.000000
tracking_cdrone3_20260822_202711_289_milestone4,milestone4,1787455635.973297834,TAKEOFF,2,2,1,1,0,0,1,1,0,0,0.000000,0.000000,0.000000,0.000000
tracking_cdrone3_20260822_202711_289_milestone4,milestone4,1787455636.079130173,TAKEOFF,2,2,1,1,0,0,1,1,0,0,0.000000,0.000000,0.000000,0.000000
tracking_cdrone3_20260822_202711_289_milestone4,milestone4,1787455636.173458576,TAKEOFF,2,2,1,1,0,0,1,1,0,0,0.000000,0.000000,0.000000,0.000000
tracking_cdrone3_20260822_202711_289_milestone4,milestone4,1787455636.273543835,TAKEOFF,2,2,1,1,0,0,1,1,0,0,0.000000,0.000000,0.000000,0.000000
tracking_cdrone3_20260822_202711_289_milestone4,milestone4,1787455636.378484964,TAKEOFF,2,2,1,1,0,0,1,1,0,0,0.000000,0.000000,0.000000,0.000000
tracking_cdrone3_20260822_202711_289_milestone4,milestone4,1787455636.473272562,TAKEOFF,2,2,1,1,0,0,1,1,0,0,0.000000,0.000000,0.000000,0.000000
tracking_cdrone3_20260822_202711_289_milestone4,milestone4,1787455636.573280811,TAKEOFF,2,2,1,1,0,0,1,1,0,0,0.000000,0.000000,0.000000,0.000000
tracking_cdrone3_20260822_202711_289_milestone4,milestone4,1787455636.673352957,TAKEOFF,2,2,1,1,0,0,1,1,0,0,0.000000,0.000000,0.000000,0.000000
tracking_cdrone3_20260822_202711_289_milestone4,milestone4,1787455636.772987366,TAKEOFF,2,2,1,1,0,0,1,1,0,0,0.000000,0.000000,0.000000,0.000000
tracking_cdrone3_20260822_202711_289_milestone4,milestone4,1787455636.873256445,TAKEOFF,2,2,1,1,0,0,1,1,0,0,0.000000,0.000000,0.000000,0.000000
tracking_cdrone3_20260822_202711_289_milestone4,milestone4,1787455636.973768473,TAKEOFF,2,2,1,1,0,0,1,1,0,0,0.000000,0.000000,0.000000,0.000000
tracking_cdrone3_20260822_202711_289_milestone4,milestone4,1787455637.073380947,TAKEOFF,2,2,1,1,0,0,1,1,0,0,0.000000,0.000000,0.000000,0.000000
tracking_cdrone3_20260822_202711_289_milestone4,milestone4,1787455637.173677206,TAKEOFF,2,2,1,1,0,0,1,1,0,0,0.000000,0.000000,0.000000,0.000000
tracking_cdrone3_20260822_202711_289_milestone4,milestone4,1787455637.274135351,TAKEOFF,2,2,1,1,0,0,1,1,0,0,0.000000,0.000000,0.000000,0.000000
tracking_cdrone3_20260822_202711_289_milestone4,milestone4,1787455637.373367548,TAKEOFF,2,2,1,1,0,0,1,1,0,0,0.000000,0.000000,0.000000,0.000000
tracking_cdrone3_20260822_202711_289_milestone4,milestone4,1787455637.473310471,TAKEOFF,2,2,1,1,0,0,1,1,0,0,0.000000,0.000000,0.000000,0.000000
tracking_cdrone3_20260822_202711_289_milestone4,milestone4,1787455637.573295593,TAKEOFF,2,2,1,1,0,0,1,1,0,0,0.000000,0.000000,0.000000,0.000000
tracking_cdrone3_20260822_202711_289_milestone4,milestone4,1787455637.674942493,TAKEOFF,2,2,1,1,0,0,1,1,0,0,0.000000,0.000000,0.000000,0.000000
tracking_cdrone3_20260822_202711_289_milestone4,milestone4,1787455637.773618698,TAKEOFF,2,2,1,1,0,0,1,1,0,0,0.000000,0.000000,0.000000,0.000000
tracking_cdrone3_20260822_202711_289_milestone4,milestone4,1787455637.873220205,TAKEOFF,2,2,1,1,0,0,1,1,0,0,0.000000,0.000000,0.000000,0.000000
tracking_cdrone3_20260822_202711_289_milestone4,milestone4,1787455637.973304033,TAKEOFF,2,2,1,1,0,0,1,1,0,0,0.000000,0.000000,0.000000,0.000000
tracking_cdrone3_20260822_202711_289_milestone4,milestone4,1787455638.073312759,TAKEOFF,2,2,1,1,0,0,1,1,0,0,0.000000,0.000000,0.000000,0.000000
tracking_cdrone3_20260822_202711_289_milestone4,milestone4,1787455638.173318863,TAKEOFF,2,2,1,1,0,0,1,1,0,0,0.000000,0.000000,0.000000,0.000000
tracking_cdrone3_20260822_202711_289_milestone4,milestone4,1787455638.273340702,TAKEOFF,2,2,1,1,0,0,1,1,0,0,0.000000,0.000000,0.000000,0.000000
tracking_cdrone3_20260822_202711_289_milestone4,milestone4,1787455638.375467777,TAKEOFF,2,2,1,1,0,0,1,1,0,0,0.000000,0.000000,0.000000,0.000000
tracking_cdrone3_20260822_202711_289_milestone4,milestone4,1787455638.473324299,TAKEOFF,2,2,1,1,0,0,1,1,0,0,0.000000,0.000000,0.000000,0.000000
tracking_cdrone3_20260822_202711_289_milestone4,milestone4,1787455638.573310137,TAKEOFF,2,2,1,1,0,0,1,1,0,0,0.000000,0.000000,0.000000,0.000000
tracking_cdrone3_20260822_202711_289_milestone4,milestone4,1787455638.673334837,TAKEOFF,2,2,1,1,0,0,1,1,0,0,0.000000,0.000000,0.000000,0.000000
tracking_cdrone3_20260822_202711_289_milestone4,milestone4,1787455638.773310184,TAKEOFF,2,2,1,1,0,0,1,1,0,0,0.000000,0.000000,0.000000,0.000000
tracking_cdrone3_20260822_202711_289_milestone4,milestone4,1787455638.873317957,TAKEOFF,2,2,1,1,0,0,1,1,0,0,0.000000,0.000000,0.000000,0.000000
tracking_cdrone3_20260822_202711_289_milestone4,milestone4,1787455638.973320961,TAKEOFF,2,2,1,1,2,1,1,1,0,0,0.000000,0.000000,0.000000,0.000000
tracking_cdrone3_20260822_202711_289_milestone4,milestone4,1787455639.073429823,TAKEOFF,2,2,1,1,0,0,1,1,0,0,0.000000,0.000000,0.000000,0.000000
tracking_cdrone3_20260822_202711_289_milestone4,milestone4,1787455639.173483610,TAKEOFF,2,2,1,1,0,0,1,1,0,0,0.000000,0.000000,0.000000,0.000000
tracking_cdrone3_20260822_202711_289_milestone4,milestone4,1787455639.273223877,TAKEOFF,2,2,1,1,0,0,1,1,0,0,0.000000,0.000000,0.000000,0.000000
tracking_cdrone3_20260822_202711_289_milestone4,milestone4,1787455639.373298407,TAKEOFF,2,2,1,1,0,0,1,1,0,0,0.000000,0.000000,0.000000,0.000000
tracking_cdrone3_20260822_202711_289_milestone4,milestone4,1787455639.473276854,TAKEOFF,2,2,1,1,0,0,1,1,0,0,0.000000,0.000000,0.000000,0.000000
tracking_cdrone3_20260822_202711_289_milestone4,milestone4,1787455639.573422909,TAKEOFF,2,2,1,1,0,0,1,1,0,0,0.000000,0.000000,0.000000,0.000000
tracking_cdrone3_20260822_202711_289_milestone4,milestone4,1787455639.673520565,TAKEOFF,2,2,1,1,0,0,1,1,0,0,0.000000,0.000000,0.000000,0.000000
tracking_cdrone3_20260822_202711_289_milestone4,milestone4,1787455639.773324251,TAKEOFF,2,2,1,1,0,0,1,1,0,0,0.000000,0.000000,0.000000,0.000000
tracking_cdrone3_20260822_202711_289_milestone4,milestone4,1787455639.874608278,TAKEOFF,2,2,1,1,0,0,1,1,0,0,0.000000,0.000000,0.000000,0.000000
tracking_cdrone3_20260822_202711_289_milestone4,milestone4,1787455639.973315001,TAKEOFF,2,2,1,1,0,0,1,1,0,0,0.000000,0.000000,0.000000,0.000000
tracking_cdrone3_20260822_202711_289_milestone4,milestone4,1787455640.073749781,TAKEOFF,2,2,1,1,0,0,1,1,0,0,0.000000,0.000000,0.000000,0.000000
tracking_cdrone3_20260822_202711_289_milestone4,milestone4,1787455640.173847437,TAKEOFF,2,2,1,1,0,0,1,1,0,0,0.000000,0.000000,0.000000,0.000000
tracking_cdrone3_20260822_202711_289_milestone4,milestone4,1787455640.273274183,TAKEOFF,2,2,1,1,0,0,1,1,0,0,0.000000,0.000000,0.000000,0.000000
tracking_cdrone3_20260822_202711_289_milestone4,milestone4,1787455640.373345852,TAKEOFF,2,2,1,1,0,0,1,1,0,0,0.000000,0.000000,0.000000,0.000000
tracking_cdrone3_20260822_202711_289_milestone4,milestone4,1787455640.478732586,TAKEOFF,2,2,1,1,0,0,1,1,0,0,0.000000,0.000000,0.000000,0.000000
tracking_cdrone3_20260822_202711_289_milestone4,milestone4,1787455640.573421001,TAKEOFF,3,3,1,1,0,0,1,1,0,0,0.000000,0.000000,0.000000,0.000000
tracking_cdrone3_20260822_202711_289_milestone4,milestone4,1787455640.673254728,WARMUP_OFFBOARD,3,3,1,1,0,0,1,1,0,0,0.000000,0.000000,0.000000,0.000000
tracking_cdrone3_20260822_202711_289_milestone4,milestone4,1787455640.774576902,WARMUP_OFFBOARD,3,3,1,1,0,0,1,1,0,0,0.000000,0.000000,0.000000,0.000000
tracking_cdrone3_20260822_202711_289_milestone4,milestone4,1787455640.873727560,WARMUP_OFFBOARD,3,3,1,1,0,0,1,1,0,0,0.000000,0.000000,0.000000,0.000000
tracking_cdrone3_20260822_202711_289_milestone4,milestone4,1787455640.974709272,WARMUP_OFFBOARD,3,3,1,1,0,0,1,1,0,0,0.000000,0.000000,0.000000,0.000000
tracking_cdrone3_20260822_202711_289_milestone4,milestone4,1787455641.073573828,WARMUP_OFFBOARD,3,3,1,1,0,0,1,1,0,0,0.000000,0.000000,0.000000,0.000000
tracking_cdrone3_20260822_202711_289_milestone4,milestone4,1787455641.173651934,WARMUP_OFFBOARD,3,3,1,1,0,0,1,1,0,0,0.000000,0.000000,0.000000,0.000000
tracking_cdrone3_20260822_202711_289_milestone4,milestone4,1787455641.273645639,WARMUP_OFFBOARD,2,3,1,1,0,0,1,1,0,0,0.000000,0.000000,0.000000,0.000000
tracking_cdrone3_20260822_202711_289_milestone4,milestone4,1787455641.373286963,WARMUP_OFFBOARD,2,3,1,1,1,1,1,1,0,0,0.000000,0.000000,0.000000,0.000000
tracking_cdrone3_20260822_202711_289_milestone4,milestone4,1787455641.473722935,WARMUP_OFFBOARD,2,3,1,1,1,1,1,1,0,0,0.000000,0.000000,0.000000,0.000000
tracking_cdrone3_20260822_202711_289_milestone4,milestone4,1787455641.573222637,WARMUP_OFFBOARD,2,3,1,1,1,1,1,1,0,0,0.000000,0.000000,0.000000,0.000000
tracking_cdrone3_20260822_202711_289_milestone4,milestone4,1787455641.673277855,WARMUP_OFFBOARD,2,3,1,1,1,1,1,1,0,0,0.000000,0.000000,0.000000,0.000000
tracking_cdrone3_20260822_202711_289_milestone4,milestone4,1787455641.773081064,WARMUP_OFFBOARD,2,3,1,1,1,1,1,1,0,0,0.000000,0.000000,0.000000,0.000000
tracking_cdrone3_20260822_202711_289_milestone4,milestone4,1787455641.873378992,WARMUP_OFFBOARD,2,3,1,1,1,1,1,1,0,0,0.000000,0.000000,0.000000,0.000000
tracking_cdrone3_20260822_202711_289_milestone4,milestone4,1787455641.973401070,WARMUP_OFFBOARD,2,3,1,1,1,1,1,1,0,0,0.000000,0.000000,0.000000,0.000000
tracking_cdrone3_20260822_202711_289_milestone4,milestone4,1787455642.073834419,WARMUP_OFFBOARD,2,3,1,1,1,1,1,1,0,0,0.000000,0.000000,0.000000,0.000000
tracking_cdrone3_20260822_202711_289_milestone4,milestone4,1787455642.173221350,SET_OFFBOARD_MODE,2,3,1,1,1,1,1,1,0,0,0.000000,0.000000,0.000000,0.000000
tracking_cdrone3_20260822_202711_289_milestone4,milestone4,1787455642.275050640,SET_OFFBOARD_MODE,2,3,1,1,1,1,1,1,0,0,0.000000,0.000000,0.000000,0.000000
tracking_cdrone3_20260822_202711_289_milestone4,milestone4,1787455642.373334169,SET_OFFBOARD_MODE,2,3,1,1,1,1,1,1,0,0,0.000000,0.000000,0.000000,0.000000
tracking_cdrone3_20260822_202711_289_milestone4,milestone4,1787455642.474045038,SET_OFFBOARD_MODE,2,3,1,1,1,1,1,1,0,0,0.000000,0.000000,0.000000,0.000000
tracking_cdrone3_20260822_202711_289_milestone4,milestone4,1787455642.575153828,SET_OFFBOARD_MODE,2,3,1,1,1,1,1,1,0,0,0.000000,0.000000,0.000000,0.000000
tracking_cdrone3_20260822_202711_289_milestone4,milestone4,1787455642.673165798,SYNC_SPEED_PROFILE,2,3,1,1,1,1,1,1,0,0,0.000000,0.000000,0.000000,0.000000
tracking_cdrone3_20260822_202711_289_milestone4,milestone4,1787455642.773438215,SYNC_SPEED_PROFILE,2,3,1,1,1,1,1,1,0,0,0.000000,0.000000,0.000000,0.000000
tracking_cdrone3_20260822_202711_289_milestone4,milestone4,1787455642.873337746,SYNC_SPEED_PROFILE,3,3,1,1,1,1,1,1,0,0,0.000000,0.000000,0.000000,0.000000
tracking_cdrone3_20260822_202711_289_milestone4,milestone4,1787455642.973196030,SYNC_SPEED_PROFILE,3,4,1,1,1,1,1,1,0,0,0.000000,0.000000,0.000000,0.000000
tracking_cdrone3_20260822_202711_289_milestone4,milestone4,1787455643.078122377,SYNC_SPEED_PROFILE,3,4,1,1,1,1,1,1,0,0,0.000000,0.000000,0.000000,0.000000
tracking_cdrone3_20260822_202711_289_milestone4,milestone4,1787455643.173485279,SYNC_SPEED_PROFILE,3,4,1,1,1,1,1,1,0,0,0.000000,0.000000,0.000000,0.000000
tracking_cdrone3_20260822_202711_289_milestone4,milestone4,1787455643.273346186,SYNC_SPEED_PROFILE,3,4,1,1,1,1,1,1,0,0,0.000000,0.000000,0.000000,0.000000
tracking_cdrone3_20260822_202711_289_milestone4,milestone4,1787455643.373590469,SYNC_SPEED_PROFILE,3,4,1,1,1,1,1,1,0,0,0.000000,0.000000,0.000000,0.000000
tracking_cdrone3_20260822_202711_289_milestone4,milestone4,1787455643.473810911,SYNC_SPEED_PROFILE,3,4,1,1,1,1,1,1,0,0,0.000000,0.000000,0.000000,0.000000
tracking_cdrone3_20260822_202711_289_milestone4,milestone4,1787455643.573291302,CLIMB_TO_TAKEOFF_ALTITUDE,3,4,1,1,1,1,1,1,0,0,0.000000,0.000000,0.000000,0.000000
tracking_cdrone3_20260822_202711_289_milestone4,milestone4,1787455643.673843861,CLIMB_TO_TAKEOFF_ALTITUDE,3,4,1,1,1,1,1,1,0,0,0.000000,0.000000,0.000000,0.000000
tracking_cdrone3_20260822_202711_289_milestone4,milestone4,1787455643.773251295,CLIMB_TO_TAKEOFF_ALTITUDE,3,4,1,1,1,1,1,1,0,0,0.000000,0.000000,0.000000,0.000000
tracking_cdrone3_20260822_202711_289_milestone4,milestone4,1787455643.873440027,CLIMB_TO_TAKEOFF_ALTITUDE,3,4,1,1,1,1,1,1,0,0,0.000000,0.000000,0.000000,0.000000
tracking_cdrone3_20260822_202711_289_milestone4,milestone4,1787455643.973092556,CLIMB_TO_TAKEOFF_ALTITUDE,3,4,1,1,4,1,1,1,0,0,0.000000,0.000000,0.000000,0.000000
tracking_cdrone3_20260822_202711_289_milestone4,milestone4,1787455644.073621511,CLIMB_TO_TAKEOFF_ALTITUDE,3,4,1,1,1,1,1,1,0,0,0.000000,0.000000,0.000000,0.000000
tracking_cdrone3_20260822_202711_289_milestone4,milestone4,1787455644.173385382,CLIMB_TO_TAKEOFF_ALTITUDE,2,4,1,1,1,1,1,1,0,0,0.000000,0.000000,0.000000,0.000000
tracking_cdrone3_20260822_202711_289_milestone4,milestone4,1787455644.273329973,CLIMB_TO_TAKEOFF_ALTITUDE,2,4,1,1,2,1,1,1,0,0,0.000000,0.000000,0.000000,0.000000
tracking_cdrone3_20260822_202711_289_milestone4,milestone4,1787455644.373246193,CLIMB_TO_TAKEOFF_ALTITUDE,2,4,1,1,2,1,1,1,0,0,0.000000,0.000000,0.000000,0.000000
tracking_cdrone3_20260822_202711_289_milestone4,milestone4,1787455644.473442793,CLIMB_TO_TAKEOFF_ALTITUDE,2,4,1,1,2,1,1,1,0,0,0.000000,0.000000,0.000000,0.000000
tracking_cdrone3_20260822_202711_289_milestone4,milestone4,1787455644.573332787,CLIMB_TO_TAKEOFF_ALTITUDE,2,4,1,1,2,1,1,1,0,0,0.000000,0.000000,0.000000,0.000000
tracking_cdrone3_20260822_202711_289_milestone4,milestone4,1787455644.673362255,CLIMB_TO_TAKEOFF_ALTITUDE,2,4,1,1,2,1,1,1,0,0,0.000000,0.000000,0.000000,0.000000
tracking_cdrone3_20260822_202711_289_milestone4,milestone4,1787455644.773075342,CLIMB_TO_TAKEOFF_ALTITUDE,2,4,1,1,2,1,1,1,0,0,0.000000,0.000000,0.000000,0.000000
tracking_cdrone3_20260822_202711_289_milestone4,milestone4,1787455644.873266220,CLIMB_TO_TAKEOFF_ALTITUDE,2,4,1,1,2,1,1,1,0,0,0.000000,0.000000,0.000000,0.000000
tracking_cdrone3_20260822_202711_289_milestone4,milestone4,1787455644.973299265,CLIMB_TO_TAKEOFF_ALTITUDE,2,4,1,1,2,1,2,1,0,0,0.000000,0.000000,0.000000,0.000000
tracking_cdrone3_20260822_202711_289_milestone4,milestone4,1787455645.073144674,CLIMB_TO_TAKEOFF_ALTITUDE,2,4,1,1,2,1,2,2,0,0,0.000000,0.000000,0.000000,0.000000
tracking_cdrone3_20260822_202711_289_milestone4,milestone4,1787455645.173333168,CLIMB_TO_TAKEOFF_ALTITUDE,2,4,1,1,2,1,2,2,0,0,0.000000,0.000000,0.000000,0.000000
tracking_cdrone3_20260822_202711_289_milestone4,milestone4,1787455645.273337603,CLIMB_TO_TAKEOFF_ALTITUDE,2,4,1,1,4,1,2,2,0,0,0.000000,0.000000,0.000000,0.000000
tracking_cdrone3_20260822_202711_289_milestone4,milestone4,1787455645.373331308,CLIMB_TO_TAKEOFF_ALTITUDE,2,4,1,1,2,1,2,2,0,0,0.000000,0.000000,0.000000,0.000000
tracking_cdrone3_20260822_202711_289_milestone4,milestone4,1787455645.473193407,CLIMB_TO_TAKEOFF_ALTITUDE,2,4,1,1,2,1,2,2,0,0,0.000000,0.000000,0.000000,0.000000
tracking_cdrone3_20260822_202711_289_milestone4,milestone4,1787455645.573308945,CLIMB_TO_TAKEOFF_ALTITUDE,2,4,1,1,2,1,2,2,0,0,0.000000,0.000000,0.000000,0.000000
tracking_cdrone3_20260822_202711_289_milestone4,milestone4,1787455645.673332453,CLIMB_TO_TAKEOFF_ALTITUDE,2,4,1,1,2,1,2,2,0,0,0.000000,0.000000,0.000000,0.000000
tracking_cdrone3_20260822_202711_289_milestone4,milestone4,1787455645.773340940,CLIMB_TO_TAKEOFF_ALTITUDE,2,4,1,1,2,1,1,2,0,0,0.000000,0.000000,0.000000,0.000000
tracking_cdrone3_20260822_202711_289_milestone4,milestone4,1787455645.873399258,CLIMB_TO_TAKEOFF_ALTITUDE,2,4,1,1,2,1,1,2,0,0,0.000000,0.000000,0.000000,0.000000
tracking_cdrone3_20260822_202711_289_milestone4,milestone4,1787455645.973272800,CLIMB_TO_TAKEOFF_ALTITUDE,1,4,1,1,2,1,2,2,0,0,0.000000,0.000000,0.000000,0.000000
tracking_cdrone3_20260822_202711_289_milestone4,milestone4,1787455646.073342800,CLIMB_TO_TAKEOFF_ALTITUDE,1,4,1,1,3,1,2,2,0,0,0.000000,0.000000,0.000000,0.000000
tracking_cdrone3_20260822_202711_289_milestone4,milestone4,1787455646.177824259,CLIMB_TO_TAKEOFF_ALTITUDE,1,3,1,1,2,1,2,2,0,0,0.000000,0.000000,0.000000,0.000000
tracking_cdrone3_20260822_202711_289_milestone4,milestone4,1787455646.274739981,CLIMB_TO_TAKEOFF_ALTITUDE,0,3,0,1,2,1,,2,1,1,0.000000,0.000000,0.000000,0.000000
tracking_cdrone3_20260822_202711_289_milestone4,milestone4,1787455646.373448372,CLIMB_TO_TAKEOFF_ALTITUDE,0,3,0,1,3,1,,2,1,1,0.098708,0.098708,0.098708,0.098708
tracking_cdrone3_20260822_202711_289_milestone4,milestone4,1787455646.473638296,CLIMB_TO_TAKEOFF_ALTITUDE,0,3,0,1,3,1,,2,1,1,0.198898,0.198898,0.198898,0.198898
tracking_cdrone3_20260822_202711_289_milestone4,milestone4,1787455646.573235035,CLIMB_TO_TAKEOFF_ALTITUDE,1,3,1,1,3,1,5,2,0,0,0.000000,0.000000,0.198898,0.198898
tracking_cdrone3_20260822_202711_289_milestone4,milestone4,1787455646.673328161,CLIMB_TO_TAKEOFF_ALTITUDE,1,3,1,1,2,1,5,2,0,0,0.000000,0.000000,0.198898,0.198898
tracking_cdrone3_20260822_202711_289_milestone4,milestone4,1787455646.775458574,CLIMB_TO_TAKEOFF_ALTITUDE,1,3,1,1,2,1,5,2,0,0,0.000000,0.000000,0.198898,0.198898
tracking_cdrone3_20260822_202711_289_milestone4,milestone4,1787455646.873217106,CLIMB_TO_TAKEOFF_ALTITUDE,1,3,1,1,2,1,5,2,0,0,0.000000,0.000000,0.198898,0.198898
tracking_cdrone3_20260822_202711_289_milestone4,milestone4,1787455646.973214388,CLIMB_TO_TAKEOFF_ALTITUDE,1,3,1,1,2,1,5,2,0,0,0.000000,0.000000,0.198898,0.198898
tracking_cdrone3_20260822_202711_289_milestone4,milestone4,1787455647.073298454,CLIMB_TO_TAKEOFF_ALTITUDE,1,3,1,1,2,1,5,2,0,0,0.000000,0.000000,0.198898,0.198898
tracking_cdrone3_20260822_202711_289_milestone4,milestone4,1787455647.173412323,CLIMB_TO_TAKEOFF_ALTITUDE,1,3,1,1,2,1,5,2,0,0,0.000000,0.000000,0.198898,0.198898
tracking_cdrone3_20260822_202711_289_milestone4,milestone4,1787455647.279276609,CLIMB_TO_TAKEOFF_ALTITUDE,1,3,1,1,2,1,5,2,0,0,0.000000,0.000000,0.198898,0.198898
tracking_cdrone3_20260822_202711_289_milestone4,milestone4,1787455647.373189926,CLIMB_TO_TAKEOFF_ALTITUDE,1,3,1,1,2,1,5,2,0,0,0.000000,0.000000,0.198898,0.198898
tracking_cdrone3_20260822_202711_289_milestone4,milestone4,1787455647.473367453,CLIMB_TO_TAKEOFF_ALTITUDE,1,3,1,1,2,1,5,2,0,0,0.000000,0.000000,0.198898,0.198898
tracking_cdrone3_20260822_202711_289_milestone4,milestone4,1787455647.573347569,CLIMB_TO_TAKEOFF_ALTITUDE,2,3,1,1,2,1,6,2,0,0,0.000000,0.000000,0.198898,0.198898
tracking_cdrone3_20260822_202711_289_milestone4,milestone4,1787455647.673299789,CLIMB_TO_TAKEOFF_ALTITUDE,2,4,1,1,2,1,6,5,0,0,0.000000,0.000000,0.198898,0.198898
tracking_cdrone3_20260822_202711_289_milestone4,milestone4,1787455647.773116112,CLIMB_TO_TAKEOFF_ALTITUDE,2,4,1,1,2,1,6,5,0,0,0.000000,0.000000,0.198898,0.198898
tracking_cdrone3_20260822_202711_289_milestone4,milestone4,1787455647.873399734,CLIMB_TO_TAKEOFF_ALTITUDE,2,4,1,1,2,1,6,5,0,0,0.000000,0.000000,0.198898,0.198898
tracking_cdrone3_20260822_202711_289_milestone4,milestone4,1787455647.973402262,CLIMB_TO_TAKEOFF_ALTITUDE,2,4,1,1,2,1,6,5,0,0,0.000000,0.000000,0.198898,0.198898
tracking_cdrone3_20260822_202711_289_milestone4,milestone4,1787455648.073279142,CLIMB_TO_TAKEOFF_ALTITUDE,3,4,1,1,1,1,6,5,0,0,0.000000,0.000000,0.198898,0.198898
tracking_cdrone3_20260822_202711_289_milestone4,milestone4,1787455648.173331022,CLIMB_TO_TAKEOFF_ALTITUDE,3,4,1,1,1,1,6,5,0,0,0.000000,0.000000,0.198898,0.198898
tracking_cdrone3_20260822_202711_289_milestone4,milestone4,1787455648.273314714,CLIMB_TO_TAKEOFF_ALTITUDE,2,4,1,1,1,1,6,5,0,0,0.000000,0.000000,0.198898,0.198898
tracking_cdrone3_20260822_202711_289_milestone4,milestone4,1787455648.373349190,CLIMB_TO_TAKEOFF_ALTITUDE,2,4,1,1,2,1,6,5,0,0,0.000000,0.000000,0.198898,0.198898
tracking_cdrone3_20260822_202711_289_milestone4,milestone4,1787455648.473304272,CLIMB_TO_TAKEOFF_ALTITUDE,2,4,1,1,2,1,6,5,0,0,0.000000,0.000000,0.198898,0.198898
tracking_cdrone3_20260822_202711_289_milestone4,milestone4,1787455648.573295832,CLIMB_TO_TAKEOFF_ALTITUDE,2,4,1,1,4,1,6,5,0,0,0.000000,0.000000,0.198898,0.198898
tracking_cdrone3_20260822_202711_289_milestone4,milestone4,1787455648.673387051,CLIMB_TO_TAKEOFF_ALTITUDE,2,4,1,1,2,1,6,5,0,0,0.000000,0.000000,0.198898,0.198898
tracking_cdrone3_20260822_202711_289_milestone4,milestone4,1787455648.773287058,CLIMB_TO_TAKEOFF_ALTITUDE,2,4,1,1,2,1,6,5,0,0,0.000000,0.000000,0.198898,0.198898
tracking_cdrone3_20260822_202711_289_milestone4,milestone4,1787455648.873609304,CLIMB_TO_TAKEOFF_ALTITUDE,2,4,1,1,2,1,6,5,0,0,0.000000,0.000000,0.198898,0.198898
tracking_cdrone3_20260822_202711_289_milestone4,milestone4,1787455648.973381281,STAGE_HOVER,2,4,1,1,2,1,6,5,0,0,0.000000,0.000000,0.198898,0.198898
tracking_cdrone3_20260822_202711_289_milestone4,milestone4,1787455649.073219776,STAGE_HOVER,2,3,1,1,1,1,6,5,0,0,0.000000,0.000000,0.198898,0.198898
tracking_cdrone3_20260822_202711_289_milestone4,milestone4,1787455649.173428297,STAGE_HOVER,2,3,1,1,1,1,6,5,0,0,0.000000,0.000000,0.198898,0.198898
tracking_cdrone3_20260822_202711_289_milestone4,milestone4,1787455649.273407459,STAGE_HOVER,2,3,1,1,1,1,6,5,0,0,0.000000,0.000000,0.198898,0.198898
tracking_cdrone3_20260822_202711_289_milestone4,milestone4,1787455649.373458624,STAGE_HOVER,2,3,1,1,1,1,6,5,0,0,0.000000,0.000000,0.198898,0.198898
tracking_cdrone3_20260822_202711_289_milestone4,milestone4,1787455649.473198175,STAGE_HOVER,2,3,1,1,1,1,6,5,0,0,0.000000,0.000000,0.198898,0.198898
tracking_cdrone3_20260822_202711_289_milestone4,milestone4,1787455649.574176311,STAGE_HOVER,2,3,1,1,1,1,6,5,0,0,0.000000,0.000000,0.198898,0.198898
tracking_cdrone3_20260822_202711_289_milestone4,milestone4,1787455649.673699856,STAGE_HOVER,2,3,1,1,1,1,6,5,0,0,0.000000,0.000000,0.198898,0.198898
tracking_cdrone3_20260822_202711_289_milestone4,milestone4,1787455649.773346186,STAGE_HOVER,1,3,1,1,1,1,5,5,0,0,0.000000,0.000000,0.198898,0.198898
tracking_cdrone3_20260822_202711_289_milestone4,milestone4,1787455649.873350382,STAGE_HOVER,1,3,1,1,2,1,5,2,0,0,0.000000,0.000000,0.198898,0.198898
tracking_cdrone3_20260822_202711_289_milestone4,milestone4,1787455649.973440886,STAGE_HOVER,1,3,1,1,2,1,5,2,0,0,0.000000,0.000000,0.198898,0.198898
tracking_cdrone3_20260822_202711_289_milestone4,milestone4,1787455650.073195934,STAGE_HOVER,1,3,1,1,2,1,5,2,0,0,0.000000,0.000000,0.198898,0.198898
tracking_cdrone3_20260822_202711_289_milestone4,milestone4,1787455650.173604250,STAGE_HOVER,1,3,1,1,2,1,5,5,0,0,0.000000,0.000000,0.198898,0.198898
tracking_cdrone3_20260822_202711_289_milestone4,milestone4,1787455650.276712894,STAGE_HOVER,1,3,1,1,2,1,5,5,0,0,0.000000,0.000000,0.198898,0.198898
tracking_cdrone3_20260822_202711_289_milestone4,milestone4,1787455650.373351097,STAGE_HOVER,1,3,1,1,2,1,5,5,0,0,0.000000,0.000000,0.198898,0.198898
tracking_cdrone3_20260822_202711_289_milestone4,milestone4,1787455650.473167896,STAGE_HOVER,1,3,1,1,2,1,5,5,0,0,0.000000,0.000000,0.198898,0.198898
tracking_cdrone3_20260822_202711_289_milestone4,milestone4,1787455650.573555231,STAGE_HOVER,1,3,1,1,2,1,5,2,0,0,0.000000,0.000000,0.198898,0.198898
tracking_cdrone3_20260822_202711_289_milestone4,milestone4,1787455650.673469782,STAGE_HOVER,1,3,1,1,2,1,5,2,0,0,0.000000,0.000000,0.198898,0.198898
tracking_cdrone3_20260822_202711_289_milestone4,milestone4,1787455650.773308516,STAGE_HOVER,1,3,1,1,2,1,5,2,0,0,0.000000,0.000000,0.198898,0.198898
tracking_cdrone3_20260822_202711_289_milestone4,milestone4,1787455650.873593330,STAGE_HOVER,1,3,1,1,2,1,5,2,0,0,0.000000,0.000000,0.198898,0.198898
tracking_cdrone3_20260822_202711_289_milestone4,milestone4,1787455650.973335266,SEARCH,2,3,1,1,2,1,6,2,0,0,0.000000,0.000000,0.198898,0.198898
tracking_cdrone3_20260822_202711_289_milestone4,milestone4,1787455651.073424101,SEARCH,2,3,1,1,1,1,6,5,0,0,0.000000,0.000000,0.198898,0.198898
tracking_cdrone3_20260822_202711_289_milestone4,milestone4,1787455651.173393726,SEARCH,2,3,1,1,1,1,6,5,0,0,0.000000,0.000000,0.198898,0.198898
tracking_cdrone3_20260822_202711_289_milestone4,milestone4,1787455651.272993326,SEARCH,1,3,1,1,1,1,5,5,0,0,0.000000,0.000000,0.198898,0.198898
tracking_cdrone3_20260822_202711_289_milestone4,milestone4,1787455651.373189449,SEARCH,1,3,1,1,2,1,5,5,0,0,0.000000,0.000000,0.198898,0.198898
tracking_cdrone3_20260822_202711_289_milestone4,milestone4,1787455651.473078728,SEARCH,1,3,1,1,2,1,5,5,0,0,0.000000,0.000000,0.198898,0.198898
tracking_cdrone3_20260822_202711_289_milestone4,milestone4,1787455651.573316336,SEARCH,1,3,1,1,2,1,5,5,0,0,0.000000,0.000000,0.198898,0.198898
tracking_cdrone3_20260822_202711_289_milestone4,milestone4,1787455651.673145294,SEARCH,1,3,1,1,2,1,5,5,0,0,0.000000,0.000000,0.198898,0.198898
tracking_cdrone3_20260822_202711_289_milestone4,milestone4,1787455651.773226738,SEARCH,1,3,1,1,2,1,5,5,0,0,0.000000,0.000000,0.198898,0.198898
tracking_cdrone3_20260822_202711_289_milestone4,milestone4,1787455651.873309374,SEARCH,1,3,1,1,2,1,5,5,0,0,0.000000,0.000000,0.198898,0.198898
tracking_cdrone3_20260822_202711_289_milestone4,milestone4,1787455651.973293304,SEARCH,1,3,1,1,2,1,5,2,0,0,0.000000,0.000000,0.198898,0.198898
tracking_cdrone3_20260822_202711_289_milestone4,milestone4,1787455652.073174238,SEARCH,1,3,1,1,2,1,5,5,0,0,0.000000,0.000000,0.198898,0.198898
tracking_cdrone3_20260822_202711_289_milestone4,milestone4,1787455652.173586369,SEARCH,1,3,1,1,2,1,5,5,0,0,0.000000,0.000000,0.198898,0.198898
tracking_cdrone3_20260822_202711_289_milestone4,milestone4,1787455652.273128986,SEARCH,1,3,1,1,2,1,5,5,0,0,0.000000,0.000000,0.198898,0.198898
tracking_cdrone3_20260822_202711_289_milestone4,milestone4,1787455652.373459101,SEARCH,1,3,1,1,2,1,5,2,0,0,0.000000,0.000000,0.198898,0.198898
tracking_cdrone3_20260822_202711_289_milestone4,milestone4,1787455652.478226423,SEARCH,1,3,1,1,2,1,5,2,0,0,0.000000,0.000000,0.198898,0.198898
tracking_cdrone3_20260822_202711_289_milestone4,milestone4,1787455652.573278904,SEARCH,1,3,1,1,2,1,5,2,0,0,0.000000,0.000000,0.198898,0.198898
tracking_cdrone3_20260822_202711_289_milestone4,milestone4,1787455652.677480221,SEARCH,1,3,1,1,2,1,5,2,0,0,0.000000,0.000000,0.198898,0.198898
tracking_cdrone3_20260822_202711_289_milestone4,milestone4,1787455652.773291588,SEARCH,1,3,1,1,2,1,5,2,0,0,0.000000,0.000000,0.198898,0.198898
tracking_cdrone3_20260822_202711_289_milestone4,milestone4,1787455652.873271465,SEARCH,1,3,1,1,2,1,5,2,0,0,0.000000,0.000000,0.198898,0.198898
tracking_cdrone3_20260822_202711_289_milestone4,milestone4,1787455652.976306915,SEARCH,1,3,1,1,2,1,5,2,0,0,0.000000,0.000000,0.198898,0.198898
tracking_cdrone3_20260822_202711_289_milestone4,milestone4,1787455653.073688745,SEARCH,1,2,1,1,1,1,5,2,0,0,0.000000,0.000000,0.198898,0.198898
tracking_cdrone3_20260822_202711_289_milestone4,milestone4,1787455653.173522711,SEARCH,1,2,1,1,1,1,5,2,0,0,0.000000,0.000000,0.198898,0.198898
tracking_cdrone3_20260822_202711_289_milestone4,milestone4,1787455653.273283005,SEARCH,1,2,1,1,1,1,5,2,0,0,0.000000,0.000000,0.198898,0.198898
tracking_cdrone3_20260822_202711_289_milestone4,milestone4,1787455653.373225451,SEARCH,1,2,1,1,1,1,5,2,0,0,0.000000,0.000000,0.198898,0.198898
tracking_cdrone3_20260822_202711_289_milestone4,milestone4,1787455653.473296165,SEARCH,1,2,1,1,1,1,5,2,0,0,0.000000,0.000000,0.198898,0.198898
tracking_cdrone3_20260822_202711_289_milestone4,milestone4,1787455653.573090553,SEARCH,1,2,1,1,2,1,5,2,0,0,0.000000,0.000000,0.198898,0.198898
tracking_cdrone3_20260822_202711_289_milestone4,milestone4,1787455653.673370123,SEARCH,1,2,1,1,1,1,5,2,0,0,0.000000,0.000000,0.198898,0.198898
tracking_cdrone3_20260822_202711_289_milestone4,milestone4,1787455653.773123264,SEARCH,2,2,1,1,1,1,5,2,0,0,0.000000,0.000000,0.198898,0.198898
tracking_cdrone3_20260822_202711_289_milestone4,milestone4,1787455653.873303890,FOLLOW,2,3,1,1,1,1,5,2,0,0,0.000000,0.000000,0.198898,0.198898
tracking_cdrone3_20260822_202711_289_milestone4,milestone4,1787455653.973412275,FOLLOW,2,3,1,1,1,1,5,2,0,0,0.000000,0.000000,0.198898,0.198898
tracking_cdrone3_20260822_202711_289_milestone4,milestone4,1787455654.073348284,FOLLOW,2,3,1,1,1,1,5,2,0,0,0.000000,0.000000,0.198898,0.198898
tracking_cdrone3_20260822_202711_289_milestone4,milestone4,1787455654.173385382,FOLLOW,2,3,1,1,1,1,5,2,0,0,0.000000,0.000000,0.198898,0.198898
tracking_cdrone3_20260822_202711_289_milestone4,milestone4,1787455654.278099298,FOLLOW,1,3,1,1,1,1,7,2,0,0,0.000000,0.000000,0.198898,0.198898
tracking_cdrone3_20260822_202711_289_milestone4,milestone4,1787455654.373189926,FOLLOW,1,3,1,1,2,1,7,2,0,0,0.000000,0.000000,0.198898,0.198898
tracking_cdrone3_20260822_202711_289_milestone4,milestone4,1787455654.473068953,FOLLOW,1,3,1,1,2,1,7,2,0,0,0.000000,0.000000,0.198898,0.198898
tracking_cdrone3_20260822_202711_289_milestone4,milestone4,1787455654.575953007,FOLLOW,1,3,1,1,2,1,7,2,0,0,0.000000,0.000000,0.198898,0.198898
tracking_cdrone3_20260822_202711_289_milestone4,milestone4,1787455654.673229933,FOLLOW,1,3,1,1,2,1,7,6,0,0,0.000000,0.000000,0.198898,0.198898
tracking_cdrone3_20260822_202711_289_milestone4,milestone4,1787455654.773035526,FOLLOW,1,3,1,1,2,1,7,6,0,0,0.000000,0.000000,0.198898,0.198898
tracking_cdrone3_20260822_202711_289_milestone4,milestone4,1787455654.873270273,FOLLOW,1,3,1,1,2,1,7,6,0,0,0.000000,0.000000,0.198898,0.198898
tracking_cdrone3_20260822_202711_289_milestone4,milestone4,1787455654.973368406,FOLLOW,1,3,1,1,2,1,7,2,0,0,0.000000,0.000000,0.198898,0.198898
tracking_cdrone3_20260822_202711_289_milestone4,milestone4,1787455655.073609829,FOLLOW,1,3,1,1,2,1,7,2,0,0,0.000000,0.000000,0.198898,0.198898
tracking_cdrone3_20260822_202711_289_milestone4,milestone4,1787455655.173240662,FOLLOW,1,3,1,1,2,1,7,2,0,0,0.000000,0.000000,0.198898,0.198898
tracking_cdrone3_20260822_202711_289_milestone4,milestone4,1787455655.273076534,FOLLOW,1,3,1,1,3,1,7,2,0,0,0.000000,0.000000,0.198898,0.198898
